{
  "options": {
    "interactionRateServer": 5,
    "interactionRateClient": 1,
    "scrollCreativeTabs": true,
    "quickCrafting": true,
    "qcOverflowMode": "INVENTORY",
    "hotbarScope": "HOTBAR",
    "extraSlotScope": "EXTRA",
    "matchingSlotsKey": 341,
    "dropKey": 342,
    "alwaysMatchByType": false,
    "typeMatchTags": [
      "enchantable/weapon",
      "enchantable/mining",
      "enchantable/armor"
    ],
    "hotbarMode": "MERGE",
    "extraSlotMode": "MERGE",
    "matchByType": false
  }
}